YEARS,Tourists_Number,Overnight_Stay,Tourists_Spending,Avg_Stay,Avg_Spending_Trip,Avg_Spending_Night,Province,Tourism_Type
2015,6,59,43,10,7029,727,Albaha,Inbound
2015,6,59,43,10,7029,727,Albaha,Inbound
2015,0,0,0,0,0,0,Albaha,Inbound
2015,0,0,0,0,0,0,Albaha,Inbound
2015,1041,8807,1120,8.5,1075,127,Albaha,Domestic
2015,947,7909,1016,8.4,1073,128,Albaha,Domestic
2015,33,269,39,8.3,1210,146,Albaha,Domestic
2015,62.4,629.1,65,10.1,1037,103,Albaha,Domestic
2016,1,2,0.4,3,720,240,Albaha,Inbound
2016,1,2,0.4,3,720,240,Albaha,Inbound
2016,0,0,0,0,0,0,Albaha,Inbound
2016,0,0,0,0,0,0,Albaha,Inbound
2016,1223,9707,1350,7.9,1104,139,Albaha,Domestic
2016,1148,9125,1269,8,1105,139,Albaha,Domestic
2016,27,276,35,10.4,1312,127,Albaha,Domestic
2016,49.3,307,47,6.2,950,152,Albaha,Domestic
2017,0,0,0,0,0,0,Albaha,Inbound
2017,0,0,0,0,0,0,Albaha,Inbound
2017,0,0,0,0,0,0,Albaha,Inbound
2017,0,0,0,0,0,0,Albaha,Inbound
2017,1106,7126,1028,6.4,929,144,Albaha,Domestic
2017,1035,6729,968,6.5,935,144,Albaha,Domestic
2017,33,122,21,3.7,646,175,Albaha,Domestic
2017,38,275,39,7.3,1029,141,Albaha,Domestic
2018,4,71,47,17,11481,664,Albaha,Inbound
2018,4,71,47,17,11481,664,Albaha,Inbound
2018,0,0,0,0,0,0,Albaha,Inbound
2018,0,0,0,0,0,0,Albaha,Inbound
2018,1235,8864,1380,7.2,1118,156,Albaha,Domestic
2018,1073,7683,1180,7.2,1100,154,Albaha,Domestic
2018,57,329,49,5.8,860,148,Albaha,Domestic
2018,105,852,151,8.1,1438,178,Albaha,Domestic
2019,3,26,15,10,5732,572,Albaha,Inbound
2019,3,26,15,10,5732,572,Albaha,Inbound
2019,0,0,0,0,0,0,Albaha,Inbound
2019,0,0,0,0,0,0,Albaha,Inbound
2019,1462,11016,1666,7.5,1140,151,Albaha,Domestic
2019,1231,8812,1364,7.2,1109,155,Albaha,Domestic
2019,114,892,123,7.8,1076,138,Albaha,Domestic
2019,117,1311,179,11.2,1530,136,Albaha,Domestic
2020,2,12,8,7,4906,698,Albaha,Inbound
2020,1,11,8,8,6014,774,Albaha,Inbound
2020,0,0,0,0,0,0,Albaha,Inbound
2020,0,1,0.1,4,399,100,Albaha,Inbound
2020,1532,11590,1545,7.6,1009,133,Albaha,Domestic
2020,1245,8760,1259,7,1011,144,Albaha,Domestic
2020,131,1179,144,9,1099,122,Albaha,Domestic
2020,156.1,1651,143,10.6,915,86,Albaha,Domestic
2021,1,5,3,8,4416,576,Albaha,Inbound
2021,1,5,3,8,4747,595,Albaha,Inbound
2021,0,0,0,0,0,0,Albaha,Inbound
2021,0.1,0.2,0,4,425,106,Albaha,Inbound
2021,1100,8743,1411,7.9,1283,161,Albaha,Domestic
2021,532,3371,586,6.3,1102,174,Albaha,Domestic
2021,276,2354,402,8.5,1455,171,Albaha,Domestic
2021,293,3018,424,10.3,1448,140,Albaha,Domestic
2022,4,41,9,10,2133,216,Albaha,Inbound
2022,4,41,9,10,2133,216,Albaha,Inbound
2022,0,0,0,0,0,0,Albaha,Inbound
2022,0,0,0,0,0,0,Albaha,Inbound
2022,1021,6623,1000,6.5,980,151,Albaha,Domestic
2022,784,4622,749,5.9,955,162,Albaha,Domestic
2022,100,744,107,7.4,1066,144,Albaha,Domestic
2022,137,1256,144,9.2,1057,115,Albaha,Domestic
2023,16,110,43,7,2664,393,Albaha,Inbound
2023,16,110,43,7,2664,393,Albaha,Inbound
2023,0,0,0,0,0,0,Albaha,Inbound
2023,0,0,0,0,0,0,Albaha,Inbound
2023,1071,7633,1237,7.1,1155,162,Albaha,Domestic
2023,785,5907,1003,7.5,1278,170,Albaha,Domestic
2023,122,629,101,5.2,828,160,Albaha,Domestic
2023,165,1097,134,6.7,813,122,Albaha,Domestic
2024,8,54,22,7,2734,410,Albaha,Inbound
2024,8,54,22,7,2734,410,Albaha,Inbound
2024,0,0,0,0,0,0,Albaha,Inbound
2024,0,0,0,0,0,0,Albaha,Inbound
2024,1127,10346,1123,9.2,997,109,Albaha,Domestic
2024,791,7108,844,9,1067,119,Albaha,Domestic
2024,107,971,105,9.1,982,108,Albaha,Domestic
2024,229,2266,174,9.9,762,77,Albaha,Domestic
2015,42,178,144,4.2,3427,807,Alqassim,Inbound
2015,16,79,63,5.1,4022,794,Alqassim,Inbound
2015,16,62,57,3.9,3537,907,Alqassim,Inbound
2015,3,12.7,9,4.3,2970,693,Alqassim,Inbound
2015,7.3,23.9,15,3.3,2104,646,Alqassim,Inbound
2015,947,3697,832,3.9,879,225,Alqassim,Domestic
2015,814,3170,745,3.9,915,235,Alqassim,Domestic
2015,58,210,49,3.6,844,233,Alqassim,Domestic
2015,35,148.3,20,4.2,582,137,Alqassim,Domestic
2015,40.1,168.9,18,4.2,453,107,Alqassim,Domestic
2016,34,114,89,3.4,2642,778,Alqassim,Inbound
2016,19,63,48,3.3,2531,763,Alqassim,Inbound
2016,14,49,39,3.5,2811,793,Alqassim,Inbound
2016,0.2,18848,1765,2,2092,1046,Alqassim,Inbound
2016,0.6,2,2,2.8,2429,866,Alqassim,Inbound
2016,734,3377,757,4.6,1032,224,Alqassim,Domestic
2016,563,2584,622,4.6,1105,241,Alqassim,Domestic
2016,96,486,82,5.1,856,169,Alqassim,Domestic
2016,40.2,143,28,3.6,684,192,Alqassim,Domestic
2016,34.4,164,25,4.8,724,152,Alqassim,Domestic
2017,68,215,179,3.2,2621,830,Alqassim,Inbound
2017,21,70,64,3.4,3113,914,Alqassim,Inbound
2017,39,120,95,3,2410,792,Alqassim,Inbound
2017,1,3,3,3,2453,820,Alqassim,Inbound
2017,7,22,17,3.1,2378,771,Alqassim,Inbound
2017,908,3967,763,4.4,840,192,Alqassim,Domestic
2017,648,2692,565,4.2,872,210,Alqassim,Domestic
2017,148,655,129,4.4,867,197,Alqassim,Domestic
2017,49,380,31,7.7,634,82,Alqassim,Domestic
2017,63,240,38,3.8,609,160,Alqassim,Domestic
2018,75,244,190,3.2,2524,777,Alqassim,Inbound
2018,22,76,58,3.5,2660,767,Alqassim,Inbound
2018,41,128,100,3.2,2470,782,Alqassim,Inbound
2018,2,6,5,3.1,2625,852,Alqassim,Inbound
2018,11,34,26,3.2,2438,771,Alqassim,Inbound
2018,1072,6246,1299,5.8,1212,208,Alqassim,Domestic
2018,745,4509,935,6.1,1254,207,Alqassim,Domestic
2018,154,736,175,4.8,1139,238,Alqassim,Domestic
2018,57,397,49,6.9,858,124,Alqassim,Domestic
2018,116,603,140,5.2,1210,232,Alqassim,Domestic
2019,110,437,406,4,3690,929,Alqassim,Inbound
2019,29,95,85,3.3,2919,888,Alqassim,Inbound
2019,49,149,110,3,2253,741,Alqassim,Inbound
2019,16,144,175,9.1,10973,1211,Alqassim,Inbound
2019,16,49,37,3,2262,751,Alqassim,Inbound
2019,1445,9020,1871,6.2,1295,207,Alqassim,Domestic
2019,859,5211,1235,6.1,1437,237,Alqassim,Domestic
2019,313,1964,341,6.3,1089,174,Alqassim,Domestic
2019,106,744,97,7,917,131,Alqassim,Domestic
2019,166,1101,197,6.6,1189,179,Alqassim,Domestic
2020,39,250,122,6.5,3167,488,Alqassim,Inbound
2020,25,209,88,8.5,3580,422,Alqassim,Inbound
2020,8,25,20,3,2401,812,Alqassim,Inbound
2020,0.4,1,1,3,3038,1017,Alqassim,Inbound
2020,4.9,14,12,2.9,2423,843,Alqassim,Inbound
2020,2038,11335,1818,5.6,892,160,Alqassim,Domestic
2020,935,4842,954,5.2,1020,197,Alqassim,Domestic
2020,527,2914,446,5.5,847,153,Alqassim,Domestic
2020,181.4,1119,128,6.2,705,114,Alqassim,Domestic
2020,394.2,2460,289,6.2,734,118,Alqassim,Domestic
2021,56,405,239,7.2,4253,589,Alqassim,Inbound
2021,46,371,216,8,4664,582,Alqassim,Inbound
2021,7,23,16,3.5,2380,678,Alqassim,Inbound
2021,1,4,3,3,2067,680,Alqassim,Inbound
2021,2,6,4,3.7,2319,623,Alqassim,Inbound
2021,3768,22722,3877,6,1029,171,Alqassim,Domestic
2021,1547,8122,1677,5.3,1084,206,Alqassim,Domestic
2021,420,2448,351,5.8,835,143,Alqassim,Domestic
2021,431,2973,418,6.9,969,140,Alqassim,Domestic
2021,1370,9180,1432,6.7,1045,156,Alqassim,Domestic
2022,202,1899,636,9.4,3153,335,Alqassim,Inbound
2022,101,806,279,7.9,2752,346,Alqassim,Inbound
2022,80,678,270,8.5,3376,398,Alqassim,Inbound
2022,15,366,73,24.3,4838,199,Alqassim,Inbound
2022,5,50,15,9.2,2671,292,Alqassim,Inbound
2022,4054,19498,4479,4.8,1105,230,Alqassim,Domestic
2022,2323,11155,2745,4.8,1182,246,Alqassim,Domestic
2022,491,2180,503,4.4,1024,231,Alqassim,Domestic
2022,382,1735,375,4.5,982,216,Alqassim,Domestic
2022,858,4428,856,5.2,998,193,Alqassim,Domestic
2023,126,814,288,6.4,2284,354,Alqassim,Inbound
2023,86,589,191,6.9,2228,324,Alqassim,Inbound
2023,35,204,90,5.8,2583,442,Alqassim,Inbound
2023,4,13,5,3.5,1277,368,Alqassim,Inbound
2023,2,8,2,4.2,1242,298,Alqassim,Inbound
2023,4565,27272,5654,6,1239,207,Alqassim,Domestic
2023,3415,20399,4212,6,1234,206,Alqassim,Domestic
2023,595,2609,678,4.4,1140,260,Alqassim,Domestic
2023,177,1083,302,6.1,1712,279,Alqassim,Domestic
2023,379,3182,462,8.4,1220,145,Alqassim,Domestic
2024,317,18848,1765,59.4,5562,94,Alqassim,Inbound
2024,261,15949,1540,61,5889,97,Alqassim,Inbound
2024,27,969,80,35.8,2972,83,Alqassim,Inbound
2024,12,783,55,66.6,4723,71,Alqassim,Inbound
2024,17,1146,90,66.9,5250,78,Alqassim,Inbound
2024,4872,31343,5690,6.4,1168,182,Alqassim,Domestic
2024,3700,24517,4567,6.6,1234,186,Alqassim,Domestic
2024,654,3398,624,5.2,954,184,Alqassim,Domestic
2024,264,1580,265,6,1006,168,Alqassim,Domestic
2024,255,1848,233,7.2,914,126,Alqassim,Domestic
2015,5092,36593,6482,7.2,1273,177,Aseer,Domestic
2015,3426,27804,4602,8.1,1343,166,Aseer,Domestic
2015,406,2051,741,5.1,1825,361,Aseer,Domestic
2015,1259.2,6737.6,1139,5.4,905,169,Aseer,Domestic
2015,59,842,503,14.2,8489,597,Aseer,Inbound
2015,41,440,335,10.6,8083,761,Aseer,Inbound
2015,8,118,37,15.5,4824,312,Aseer,Inbound
2015,10.2,283.9,131,27.9,12900,462,Aseer,Inbound
2016,4988,38995,7690,7.8,1542,197,Aseer,Domestic
2016,3009,24904,4770,8.3,1585,192,Aseer,Domestic
2016,363,2322,522,6.4,1438,225,Aseer,Domestic
2016,1616.6,11768,2398,7.3,1484,204,Aseer,Domestic
2016,4,24,14,6.1,3675,600,Aseer,Inbound
2016,3,22,12,7.2,3990,556,Aseer,Inbound
2016,187,3063,823,3,2950,983,Aseer,Inbound
2016,0.8,2,2,2.7,2621,969,Aseer,Inbound
2017,5322,38794,5889,7.3,1106,152,Aseer,Domestic
2017,3392,25196,3846,7.4,1134,153,Aseer,Domestic
2017,386,3475,493,9,1277,142,Aseer,Domestic
2017,1544,10123,1550,6.6,1004,153,Aseer,Domestic
2017,1,7,4,8,4571,571,Aseer,Inbound
2017,187,3063,823,35.5,12900,983,Aseer,Inbound
2017,187,3063,823,35.5,12900,983,Aseer,Inbound
2017,1,7,4,8,4571,571,Aseer,Inbound
2018,4923,37355,6077,7.6,1235,163,Aseer,Domestic
2018,3336,25232,4048,7.6,1214,160,Aseer,Domestic
2018,410,2737,542,6.7,1323,198,Aseer,Domestic
2018,1177,9385,1487,8,1263,158,Aseer,Domestic
2018,99,2703,362,27.4,3660,134,Aseer,Inbound
2018,72,1909,218,26.7,3050,114,Aseer,Inbound
2018,2,23,3,9.3,1428,154,Aseer,Inbound
2018,25,771,140,31.1,5640,181,Aseer,Inbound
2019,4943,38034,6409,7.7,1296,169,Aseer,Domestic
2019,3087,22993,4302,7.5,1394,187,Aseer,Domestic
2019,590,4599,654,7.8,1109,142,Aseer,Domestic
2019,1267,10441,1453,8.2,1147,139,Aseer,Domestic
2019,24,607,168,25.6,7070,277,Aseer,Inbound
2019,15,358,114,23.5,7480,318,Aseer,Inbound
2019,187,3063,823,7.7,3035,393,Aseer,Inbound
2019,8,248,54,29.3,6348,217,Aseer,Inbound
2020,4585,33554,5201,7.3,1134,155,Aseer,Domestic
2020,2361,16896,3309,7.2,1401,196,Aseer,Domestic
2020,789,5408,645,6.9,817,119,Aseer,Domestic
2020,1434.2,11249,1246,7.8,869,111,Aseer,Domestic
2020,15,143,43,9.8,2933,300,Aseer,Inbound
2020,9,109,30,12,3333,277,Aseer,Inbound
2020,187,3063,823,3,1900,633,Aseer,Inbound
2020,5.6,35,13,6.2,2291,371,Aseer,Inbound
2021,5269,42703,8183,8.1,1553,192,Aseer,Domestic
2021,1978,14722,3568,7.4,1804,242,Aseer,Domestic
2021,979,7811,1615,8,1649,207,Aseer,Domestic
2021,2311,20170,3000,8.7,1298,149,Aseer,Domestic
2021,20,312,105,15.4,5193,338,Aseer,Inbound
2021,14,223,64,15.7,4476,285,Aseer,Inbound
2021,4,65,37,15.2,8658,569,Aseer,Inbound
2021,2,24,5,13.2,2679,203,Aseer,Inbound
2022,5971,39079,7068,6.5,1184,181,Aseer,Domestic
2022,2308,15059,3414,6.5,1479,227,Aseer,Domestic
2022,1179,8142,1329,6.9,1127,163,Aseer,Domestic
2022,2484,15878,2325,6.4,936,146,Aseer,Domestic
2022,74,1666,361,22.5,4869,216,Aseer,Inbound
2022,44,665,146,15.1,3333,220,Aseer,Inbound
2022,19,676,168,35.5,8832,249,Aseer,Inbound
2022,11,325,46,29.3,4150,142,Aseer,Inbound
2023,6906,61405,9535,8.9,1381,155,Aseer,Domestic
2023,2723,21211,3896,7.8,1431,184,Aseer,Domestic
2023,1442,14121,2193,9.8,1521,155,Aseer,Domestic
2023,2741,26073,3446,9.5,1257,132,Aseer,Domestic
2023,187,3063,823,16.4,4404,269,Aseer,Inbound
2023,84,843,274,10,3253,324,Aseer,Inbound
2023,29,559,154,19.1,5243,275,Aseer,Inbound
2023,74,1660,396,22.6,5385,238,Aseer,Inbound
2024,7334,61211,8599,8.4,1172,140,Aseer,Domestic
2024,2857,20681,3731,7.2,1306,180,Aseer,Domestic
2024,1467,13687,1806,9.3,1231,132,Aseer,Domestic
2024,3009,26842,3061,8.9,1017,114,Aseer,Domestic
2024,158,2997,516,19,3273,172,Aseer,Inbound
2024,92,970,281,10.5,3037,289,Aseer,Inbound
2024,25,716,113,28.2,4457,158,Aseer,Inbound
2024,40,1312,122,33,3067,93,Aseer,Inbound
2015,5285,24311,5250,4.6,993,216,Eastern_region,Domestic
2015,374,1247,208,3.3,557,167,Eastern_region,Domestic
2015,1101,4545,1104,4.1,1003,243,Eastern_region,Domestic
2015,3252,16049,3374,4.9,1037,210,Eastern_region,Domestic
2015,558.2,2469.3,564,4.4,1010,228,Eastern_region,Domestic
2015,4397,41369,15580,9.4,3543,377,Eastern_region,Inbound
2015,1004,8563,3783,8.5,3768,442,Eastern_region,Inbound
2015,772,9400,3416,12.2,4424,363,Eastern_region,Inbound
2015,1681,20697,6774,12.3,4030,327,Eastern_region,Inbound
2015,939.8,2709.3,1608,2.9,1711,593,Eastern_region,Inbound
2016,3851,18280,4636,4.8,1204,254,Eastern_region,Domestic
2016,276,1185,212,4.3,770,179,Eastern_region,Domestic
2016,622,2884,765,4.6,1229,265,Eastern_region,Domestic
2016,2559,12398,3275,4.8,1280,264,Eastern_region,Domestic
2016,394,1812,385,4.6,976,212,Eastern_region,Domestic
2016,3930,15342,8980,3.9,2285,585,Eastern_region,Inbound
2016,648,1894,1448,2.9,2235,764,Eastern_region,Inbound
2016,528,3402,1107,6.5,2099,326,Eastern_region,Inbound
2016,1788,7407,4883,4.1,2731,659,Eastern_region,Inbound
2016,967.2,2641,1542,2.7,1595,584,Eastern_region,Inbound
2017,3567,20131,3794,5.6,1064,188,Eastern_region,Domestic
2017,246,1209,143,4.9,581,119,Eastern_region,Domestic
2017,474,3773,554,8,1170,147,Eastern_region,Domestic
2017,2387,12425,2689,5.2,1127,216,Eastern_region,Domestic
2017,459,2725,407,5.9,885,149,Eastern_region,Domestic
2017,3002,9013,7539,3,2511,836,Eastern_region,Inbound
2017,356,930,605,2.6,1699,651,Eastern_region,Inbound
2017,236,604,402,2.6,1704,666,Eastern_region,Inbound
2017,1699,5686,5451,3.4,3209,959,Eastern_region,Inbound
2017,711,1792,1080,2.5,1518,602,Eastern_region,Inbound
2018,4093,23744,4830,5.8,1180,203,Eastern_region,Domestic
2018,286,1664,246,5.8,860,148,Eastern_region,Domestic
2018,612,4167,718,6.8,1172,172,Eastern_region,Domestic
2018,2558,13735,2920,5.4,1141,213,Eastern_region,Domestic
2018,636,4178,947,6.6,1488,227,Eastern_region,Domestic
2018,2599,8062,7158,3.1,2754,888,Eastern_region,Inbound
2018,284,794,389,2.8,1372,491,Eastern_region,Inbound
2018,183,469,275,2.6,1502,587,Eastern_region,Inbound
2018,1516,5217,5708,3.4,3765,1094,Eastern_region,Inbound
2018,616,1581,785,2.6,1276,497,Eastern_region,Inbound
2019,4514,25155,6218,5.6,1378,247,Eastern_region,Domestic
2019,384,2750,441,7.2,1146,160,Eastern_region,Domestic
2019,840,4003,983,4.8,1171,246,Eastern_region,Domestic
2019,2571,13796,3672,5.4,1428,266,Eastern_region,Domestic
2019,718,4607,1122,6.4,1563,244,Eastern_region,Domestic
2019,2900,11190,9537,3.9,3289,852,Eastern_region,Inbound
2019,314,909,455,2.9,1450,501,Eastern_region,Inbound
2019,308,1501,727,4.9,2361,485,Eastern_region,Inbound
2019,1618,6945,7477,4.3,4622,1077,Eastern_region,Inbound
2019,660,1836,878,2.8,1329,478,Eastern_region,Inbound
2020,4284,20863,4374,4.9,1021,210,Eastern_region,Domestic
2020,587,4288,544,7.3,927,127,Eastern_region,Domestic
2020,879,3325,719,3.8,818,216,Eastern_region,Domestic
2020,1937,8419,2188,4.4,1130,260,Eastern_region,Domestic
2020,882.1,4831,923,5.5,1046,191,Eastern_region,Domestic
2020,921,4210,2744,4.6,2981,652,Eastern_region,Inbound
2020,103,363,157,3.5,1529,432,Eastern_region,Inbound
2020,201,1187,590,5.9,2939,497,Eastern_region,Inbound
2020,398,1907,1602,4.8,4026,840,Eastern_region,Inbound
2020,219.2,753,395,3.4,1802,524,Eastern_region,Inbound
2021,9273,49840,14639,5.4,1579,294,Eastern_region,Domestic
2021,2335,17489,5243,7.5,2245,300,Eastern_region,Domestic
2021,1458,5690,1791,3.9,1228,315,Eastern_region,Domestic
2021,2388,9303,3360,3.9,1407,361,Eastern_region,Domestic
2021,3091,17359,4245,5.6,1373,245,Eastern_region,Domestic
2021,1188,6315,2906,5.3,2447,460,Eastern_region,Inbound
2021,160,491,158,3.1,987,323,Eastern_region,Inbound
2021,321,1941,790,6,2460,407,Eastern_region,Inbound
2021,412,2596,1417,6.3,3440,546,Eastern_region,Inbound
2021,294,1288,541,4.4,1838,420,Eastern_region,Inbound
2022,11139,47441,12683,4.3,1139,267,Eastern_region,Domestic
2022,2748,13071,3126,4.8,1138,239,Eastern_region,Domestic
2022,1485,5042,1670,3.4,1125,331,Eastern_region,Domestic
2022,3212,12865,3999,4,1245,311,Eastern_region,Domestic
2022,3695,16464,3888,4.5,1052,236,Eastern_region,Domestic
2022,3998,22678,9160,5.7,2291,404,Eastern_region,Inbound
2022,770,2888,901,3.8,1171,312,Eastern_region,Inbound
2022,1150,12066,5372,10.5,4669,445,Eastern_region,Inbound
2022,1100,4776,1783,4.3,1620,373,Eastern_region,Inbound
2022,978,2949,1104,3,1129,374,Eastern_region,Inbound
2023,13457,82944,16792,6.2,1248,202,Eastern_region,Domestic
2023,2899,17960,3143,6.2,1084,175,Eastern_region,Domestic
2023,1693,7418,2038,4.4,1204,275,Eastern_region,Domestic
2023,4392,25443,6267,5.8,1427,246,Eastern_region,Domestic
2023,4473,32123,5344,7.2,1195,166,Eastern_region,Domestic
2023,5667,26769,11037,4.7,1948,412,Eastern_region,Inbound
2023,1172,3722,1368,3.2,1167,367,Eastern_region,Inbound
2023,1470,10942,4864,7.4,3308,445,Eastern_region,Inbound
2023,1474,6951,3034,4.7,2058,437,Eastern_region,Inbound
2023,1551,5154,1771,3.3,1142,344,Eastern_region,Inbound
2024,13644,81591,16422,6,1204,201,Eastern_region,Domestic
2024,3002,16313,2885,5.4,961,177,Eastern_region,Domestic
2024,1955,8267,2235,4.2,1143,270,Eastern_region,Domestic
2024,4550,28878,6547,6.4,1439,227,Eastern_region,Domestic
2024,4138,28134,4755,6.8,1149,169,Eastern_region,Domestic
2024,4998,26689,8666,5.3,1734,325,Eastern_region,Inbound
2024,1033,2716,1347,2.6,1304,496,Eastern_region,Inbound
2024,1270,10570,3464,8.3,2727,328,Eastern_region,Inbound
2024,1301,8205,2362,6.3,1815,288,Eastern_region,Inbound
2024,1393,5198,1493,3.7,1072,287,Eastern_region,Inbound
2015,44,122,107,2.8,2426,871,Hail,Inbound
2015,44,121,104,2.8,2394,860,Hail,Inbound
2015,0.4,1,2,3,5961,1987,Hail,Inbound
2015,672,4307,595,6.4,885,138,Hail,Domestic
2015,632,4181,572,6.6,906,137,Hail,Domestic
2015,40,126,22,3.1,557,177,Hail,Domestic
2016,17,82,33,4.9,1945,399,Hail,Inbound
2016,16,80,32,4.9,2003,405,Hail,Inbound
2016,1,2,2273,3,338,113,Hail,Inbound
2016,455,2584,433,5.7,952,168,Hail,Domestic
2016,447,2569,432,5.7,966,168,Hail,Domestic
2016,8,15,1,2,171,86,Hail,Domestic
2017,11,43,30,4,2870,711,Hail,Inbound
2017,11,43,30,4,2870,711,Hail,Inbound
2017,465,2484,388,5.3,835,156,Hail,Domestic
2017,435,2419,378,5.6,869,156,Hail,Domestic
2017,30,65,10,2.2,329,150,Hail,Domestic
2018,13,62,43,4.8,3276,689,Hail,Inbound
2018,13,62,43,4.8,3276,689,Hail,Inbound
2018,791,4671,782,5.9,989,167,Hail,Domestic
2018,664,4163,714,6.3,1076,172,Hail,Domestic
2018,127,507,68,4,533,133,Hail,Domestic
2019,15,45,37,3.1,2557,828,Hail,Inbound
2019,15,45,37,3.1,2557,828,Hail,Inbound
2019,973,6536,1020,6.7,1048,156,Hail,Domestic
2019,831,5770,928,6.9,1116,161,Hail,Domestic
2019,142,766,92,5.4,648,120,Hail,Domestic
2020,10,205,42,20.5,4160,203,Hail,Inbound
2020,10,205,42,20.5,4160,203,Hail,Inbound
2020,1160,7770,1050,6.7,905,135,Hail,Domestic
2020,944,6447,885,6.8,937,137,Hail,Domestic
2020,216,1323,165,6.1,761,125,Hail,Domestic
2021,90,2854,355,31.5,3927,124,Hail,Inbound
2021,90,2854,355,31.5,3927,124,Hail,Inbound
2021,1850,12938,2668,7,1442,206,Hail,Domestic
2021,1231,9165,1991,7.5,1617,217,Hail,Domestic
2021,619,3773,677,6.1,1094,179,Hail,Domestic
2022,136,5741,378,42.3,2786,66,Hail,Inbound
2022,136,5741,378,42.3,2786,66,Hail,Inbound
2022,2149,13786,4008,6.4,1865,291,Hail,Domestic
2022,1814,12179,3713,6.7,2047,305,Hail,Domestic
2022,335,1608,295,4.8,880,183,Hail,Domestic
2023,358,17610,2273,49.2,6353,129,Hail,Inbound
2023,358,17610,2273,49.2,6353,129,Hail,Inbound
2023,1836,12808,2780,7,1514,217,Hail,Domestic
2023,1677,10958,2665,6.5,1589,243,Hail,Domestic
2023,159,1851,115,11.7,727,62,Hail,Domestic
2024,326,18860,1359,57.8,4167,72,Hail,Inbound
2024,326,18860,1359,57.8,4167,72,Hail,Inbound
2024,1841,13792,2550,7.5,1385,185,Hail,Domestic
2024,1798,13233,2512,7.4,1397,190,Hail,Domestic
2024,43,560,38,13.1,878,67,Hail,Domestic
2015,20,782,208,38.8,10348,267,Jazan,Inbound
2015,10,359,109,36.8,11195,304,Jazan,Inbound
2015,10,422,99,40.7,9552,235,Jazan,Inbound
2015,2076,13471,2052,6.5,989,152,Jazan,Domestic
2015,1794,11057,1764,6.2,984,160,Jazan,Domestic
2015,281.9,2414,288,8.6,1022,119,Jazan,Domestic
2016,35,1,1,3,3968,1323,Jazan,Inbound
2016,35,2090,208,3,2775,925,Jazan,Inbound
2016,0.1,2090,1,3,4840,1613,Jazan,Inbound
2016,2352,15253,3389,6.5,1441,222,Jazan,Domestic
2016,2028,12995,3000,6.4,1479,231,Jazan,Domestic
2016,324,2258,388,7,1198,172,Jazan,Domestic
2017,6,21,19,3.4,3032,891,Jazan,Inbound
2017,6,21,19,3.4,3032,891,Jazan,Inbound
2017,1885,12919,2380,6.9,1262,184,Jazan,Domestic
2017,1508,9850,2009,6.5,1332,204,Jazan,Domestic
2017,377,3070,371,8,984,121,Jazan,Domestic
2018,13,319,90,25.1,7130,284,Jazan,Inbound
2018,4,138,56,32,13051,408,Jazan,Inbound
2018,8,181,34,22,4080,189,Jazan,Inbound
2018,2238,14540,2598,6.5,1161,179,Jazan,Domestic
2018,1724,11202,1986,6.5,1152,177,Jazan,Domestic
2018,515,3339,611,6,1188,183,Jazan,Domestic
2019,16,539,59,33.6,3689,110,Jazan,Inbound
2019,6,339,37,59.4,6406,108,Jazan,Inbound
2019,10,200,23,19,2188,113,Jazan,Inbound
2019,2352,15724,2890,6.7,1229,184,Jazan,Domestic
2019,1635,10846,2014,6.6,1231,186,Jazan,Domestic
2019,716,4878,876,7,1223,180,Jazan,Domestic
2020,9,138,28,16.2,3262,202,Jazan,Inbound
2020,1,31,9,22.4,6493,289,Jazan,Inbound
2020,7,107,19,15,2636,176,Jazan,Inbound
2020,2053,12820,1639,6.2,798,128,Jazan,Domestic
2020,1084,7169,1049,6.6,968,146,Jazan,Domestic
2020,970,5651,590,6,608,104,Jazan,Domestic
2021,5,142,30,30.3,6482,214,Jazan,Inbound
2021,1,43,10,31.2,7679,246,Jazan,Inbound
2021,3,99,20,30,5988,200,Jazan,Inbound
2021,3278,25875,3773,7.9,1151,146,Jazan,Domestic
2021,821,5235,975,6.4,1187,186,Jazan,Domestic
2021,2457,20641,2798,8,1139,136,Jazan,Domestic
2022,35,2090,175,58.9,4928,84,Jazan,Inbound
2022,15,922,100,62.8,6824,109,Jazan,Inbound
2022,21,1168,75,56,3590,64,Jazan,Inbound
2022,2488,13021,2339,5.2,940,180,Jazan,Domestic
2022,1134,5761,1101,5.1,971,191,Jazan,Domestic
2022,1354,7260,1238,5,915,171,Jazan,Domestic
2023,15,120,46,8.1,3097,383,Jazan,Inbound
2023,7,59,26,8.3,3579,434,Jazan,Inbound
2023,8,61,20,8,2649,334,Jazan,Inbound
2023,2923,19679,3716,6.7,1271,189,Jazan,Domestic
2023,1160,6219,1346,5.4,1161,216,Jazan,Domestic
2023,1763,13461,2370,8,1344,176,Jazan,Domestic
2024,13,553,53,41.5,4007,97,Jazan,Inbound
2024,13,552,53,42.2,4078,97,Jazan,Inbound
2024,35,1,208,3,438,146,Jazan,Inbound
2024,2936,16840,2858,5.7,973,170,Jazan,Domestic
2024,1048,5896,1233,5.6,1176,209,Jazan,Domestic
2024,1888,10944,1625,6,861,149,Jazan,Domestic
2015,464,1515,242,3.3,523,160,Jouf,Domestic
2015,57,197,29,3.5,513,148,Jouf,Domestic
2015,382.9,1241.4,187,3.2,488,151,Jouf,Domestic
2015,24,76.5,27,3.2,1107,347,Jouf,Domestic
2015,32,168,93,5.3,2917,554,Jouf,Inbound
2015,6,26,17,4.1,2705,653,Jouf,Inbound
2015,25.6,142.1,76,5.5,2957,533,Jouf,Inbound
2015,0.1,0.4,1,4,5568,1392,Jouf,Inbound
2016,326,1305,214,4,658,164,Jouf,Domestic
2016,106,265,54,2.5,514,206,Jouf,Domestic
2016,213.7,1028,154,4.8,722,150,Jouf,Domestic
2016,6,12,5,2.1,905,434,Jouf,Domestic
2016,47,409,196,8.7,4171,479,Jouf,Inbound
2016,23,220,97,9.8,4277,438,Jouf,Inbound
2016,24.2,188,99,7.8,4078,526,Jouf,Inbound
2016,0.2,1,1,4,3383,846,Jouf,Inbound
2017,284,1626,248,5.7,873,153,Jouf,Domestic
2017,86,358,65,4.2,760,183,Jouf,Domestic
2017,170,1197,160,7,938,133,Jouf,Domestic
2017,28,72,23,2.5,826,325,Jouf,Domestic
2017,54,348,238,6.5,4408,684,Jouf,Inbound
2017,30,204,133,6.9,4492,654,Jouf,Inbound
2017,23,142,101,6.1,4361,715,Jouf,Inbound
2017,1,2,3,2.3,3095,1365,Jouf,Inbound
2018,393,2540,641,6.5,1629,252,Jouf,Domestic
2018,126,1013,279,8,2215,276,Jouf,Domestic
2018,249,1453,344,5.8,1378,236,Jouf,Domestic
2018,18,73,18,4.1,1002,242,Jouf,Domestic
2018,58,413,242,7.1,4178,585,Jouf,Inbound
2018,31,244,141,7.8,4489,577,Jouf,Inbound
2018,26,167,100,6.5,3893,596,Jouf,Inbound
2018,1,2,1,2.2,1544,698,Jouf,Inbound
2019,524,3291,944,6.3,1801,287,Jouf,Domestic
2019,162,1314,343,8.1,2119,261,Jouf,Domestic
2019,325,1827,546,5.6,1680,299,Jouf,Domestic
2019,37,151,55,4,1473,366,Jouf,Domestic
2019,43,152,136,3.5,3144,896,Jouf,Inbound
2019,10,52,40,5.1,3965,781,Jouf,Inbound
2019,32,99,94,3.1,2908,953,Jouf,Inbound
2019,1,2,2,1.9,2247,1159,Jouf,Inbound
2020,779,3818,1010,4.9,1298,265,Jouf,Domestic
2020,216,1332,315,6.2,1459,237,Jouf,Domestic
2020,513,2296,632,4.5,1232,275,Jouf,Domestic
2020,49.4,190,63,3.9,1271,331,Jouf,Domestic
2020,18,115,83,6.3,4557,720,Jouf,Inbound
2020,9,80,50,9.1,5654,625,Jouf,Inbound
2020,9,32,31,3.5,3443,979,Jouf,Inbound
2020,0.2,3,1,11.9,6006,503,Jouf,Inbound
2021,848,4347,1619,5.1,1908,372,Jouf,Domestic
2021,220,1055,507,4.8,2309,481,Jouf,Domestic
2021,578,3039,1014,5.3,1756,334,Jouf,Domestic
2021,51,254,97,5,1906,383,Jouf,Domestic
2021,18,84,73,4.7,4113,871,Jouf,Inbound
2021,4,50,28,11.4,6480,568,Jouf,Inbound
2021,13,29,41,2.3,3213,1395,Jouf,Inbound
2021,1,5,4,7.3,5853,807,Jouf,Inbound
2022,1253,5941,2621,4.7,2092,441,Jouf,Domestic
2022,265,1404,829,5.3,3123,590,Jouf,Domestic
2022,916,4223,1708,4.6,1865,405,Jouf,Domestic
2022,71,314,83,4.4,1171,265,Jouf,Domestic
2022,52,887,171,16.9,3259,193,Jouf,Inbound
2022,28,689,117,24.5,4172,170,Jouf,Inbound
2022,23,154,47,6.6,2002,305,Jouf,Inbound
2022,1,43,7,49.5,7640,154,Jouf,Inbound
2023,1139,8625,1683,7.6,1478,195,Jouf,Domestic
2023,338,3274,423,9.7,1250,129,Jouf,Domestic
2023,709,4756,1136,6.7,1602,239,Jouf,Domestic
2023,91,594,124,6.5,1356,208,Jouf,Domestic
2023,197,2343,438,11.9,2224,187,Jouf,Inbound
2023,110,1488,255,13.6,2324,171,Jouf,Inbound
2023,80,801,171,10,2131,214,Jouf,Inbound
2023,7,54,12,8,1715,214,Jouf,Inbound
2024,1159,9587,1571,8.3,1355,164,Jouf,Domestic
2024,351,3524,468,10.1,1333,133,Jouf,Domestic
2024,717,4955,964,6.9,1344,195,Jouf,Domestic
2024,92,1109,140,12.1,1526,126,Jouf,Domestic
2024,331,4461,768,13.5,2320,172,Jouf,Inbound
2024,181,1571,327,8.7,1802,208,Jouf,Inbound
2024,140,2797,425,20,3032,152,Jouf,Inbound
2024,10,92,16,9.7,1728,178,Jouf,Inbound
2015,7361,29629,5105,4,694,172,Madinah,Domestic
2015,105,488,72,4.7,687,148,Madinah,Domestic
2015,5712.7,24633.9,3963,4.3,694,161,Madinah,Domestic
2015,1464,4101.2,1021,2.8,697,249,Madinah,Domestic
2015,79.1,406.4,49,5.1,621,121,Madinah,Domestic
2015,308,4776,843,15.5,2737,176,Madinah,Inbound
2015,2,9,12,4.5,5885,1298,Madinah,Inbound
2015,299.6,4686.8,801,15.6,2672,171,Madinah,Inbound
2015,5.7,72.5,28,12.7,4891,384,Madinah,Inbound
2015,0.5,8,2,15.5,4197,271,Madinah,Inbound
2016,7879,31190,5472,4,695,175,Madinah,Domestic
2016,164,632,69,3.9,421,109,Madinah,Domestic
2016,6116.5,26382,4560,4.3,746,173,Madinah,Domestic
2016,1537.5,3981,821,2.6,534,206,Madinah,Domestic
2016,61.3,195,22,3.2,351,110,Madinah,Domestic
2016,324,6541,1229,20.2,3800,188,Madinah,Inbound
2016,439,7,2,33,8029,243,Madinah,Inbound
2016,319.6,6490,1209,20.3,3782,186,Madinah,Inbound
2016,3.5,43,19,12.2,5287,434,Madinah,Inbound
2016,0.2,7860,1842,3,1400,467,Madinah,Inbound
2017,7236,29655,5200,4.1,719,175,Madinah,Domestic
2017,85,653,53,7.7,624,81,Madinah,Domestic
2017,5450,22585,4039,4.1,741,179,Madinah,Domestic
2017,1635,6032,1051,3.7,643,174,Madinah,Domestic
2017,66,385,56,5.8,844,145,Madinah,Domestic
2017,63,452,396,7.1,6264,877,Madinah,Inbound
2017,2,6,5,3,2642,881,Madinah,Inbound
2017,59,437,384,7.4,6485,879,Madinah,Inbound
2017,2,8,6,4.8,3637,755,Madinah,Inbound
2017,439,1,1,3,2546,859,Madinah,Inbound
2018,6552,27591,5329,4.2,813,193,Madinah,Domestic
2018,118,622,76,5.3,648,123,Madinah,Domestic
2018,5030,21679,4188,4.3,833,193,Madinah,Domestic
2018,1344,4898,967,3.6,720,197,Madinah,Domestic
2018,60,392,97,6.5,1610,248,Madinah,Domestic
2018,49,1101,599,22.6,12319,544,Madinah,Inbound
2018,3,10,9,2.9,2641,899,Madinah,Inbound
2018,33,243,124,7.3,3745,511,Madinah,Inbound
2018,12,848,465,71,39009,549,Madinah,Inbound
2018,439,1,1,3,2713,904,Madinah,Inbound
2019,7243,29797,5897,4.1,814,198,Madinah,Domestic
2019,151,779,211,5.2,1393,270,Madinah,Domestic
2019,5303,22531,4429,4.2,835,197,Madinah,Domestic
2019,1696,5913,1158,3.5,683,196,Madinah,Domestic
2019,94,573,100,6.1,1065,174,Madinah,Domestic
2019,56,508,234,9.1,4205,460,Madinah,Inbound
2019,7,24,22,3.5,3211,921,Madinah,Inbound
2019,46,436,189,9.6,4149,434,Madinah,Inbound
2019,2,46,21,19.2,8749,456,Madinah,Inbound
2019,1,2,2,2.9,2138,746,Madinah,Inbound
2020,5611,22054,4396,3.9,783,199,Madinah,Domestic
2020,317,1623,389,5.1,1225,240,Madinah,Domestic
2020,3301.2,14122,2937,4.3,890,208,Madinah,Domestic
2020,1854,5600,993,3,535,177,Madinah,Domestic
2020,138.1,710,77,5.1,561,109,Madinah,Domestic
2020,12,80,46,6.9,3966,573,Madinah,Inbound
2020,4,16,19,4.6,5348,1165,Madinah,Inbound
2020,7.5,62,26,8.3,3429,411,Madinah,Inbound
2020,0.5,2,1,3.2,2606,824,Madinah,Inbound
2020,0.1,7860,1842,3.6,2368,660,Madinah,Inbound
2021,4365,18415,5717,4.2,1310,310,Madinah,Domestic
2021,251,1065,571,4.2,2275,536,Madinah,Domestic
2021,3055,13018,3990,4.3,1306,307,Madinah,Domestic
2021,766,2407,825,3.1,1076,343,Madinah,Domestic
2021,292,1924,331,6.6,1132,172,Madinah,Domestic
2021,19,253,72,13,3732,286,Madinah,Inbound
2021,7,71,29,9.9,4080,411,Madinah,Inbound
2021,12,178,42,15.1,3527,234,Madinah,Inbound
2021,439,3,1,12.9,4316,334,Madinah,Inbound
2021,439,1,1842,3.4,2356,698,Madinah,Inbound
2022,6221,24481,7572,3.9,1217,309,Madinah,Domestic
2022,279,1075,594,3.9,2128,552,Madinah,Domestic
2022,4737,18340,5762,3.9,1216,314,Madinah,Domestic
2022,712,2567,846,3.6,1188,329,Madinah,Domestic
2022,493,2499,371,5.1,752,148,Madinah,Domestic
2022,121,2484,662,20.6,5477,266,Madinah,Inbound
2022,50,667,334,13.3,6651,501,Madinah,Inbound
2022,69,1802,321,25.9,4623,178,Madinah,Inbound
2022,1,9,5,16.5,9552,578,Madinah,Inbound
2022,1,6,2,9.2,2517,274,Madinah,Inbound
2023,6003,27438,6265,4.6,1044,228,Madinah,Domestic
2023,372,1713,517,4.6,1387,302,Madinah,Domestic
2023,4527,18842,4570,4.2,1009,243,Madinah,Domestic
2023,833,4124,908,5,1090,220,Madinah,Domestic
2023,271,2759,271,10.2,1001,98,Madinah,Domestic
2023,321,4667,1337,14.5,4166,287,Madinah,Inbound
2023,113,1027,463,9.1,4112,451,Madinah,Inbound
2023,186,3516,824,18.9,4431,234,Madinah,Inbound
2023,21,119,48,5.7,2291,400,Madinah,Inbound
2023,2,5,2,2.9,1505,510,Madinah,Inbound
2024,6721,34644,7475,5.2,1112,216,Madinah,Domestic
2024,456,1913,766,4.2,1680,400,Madinah,Domestic
2024,5101,24188,5245,4.7,1028,217,Madinah,Domestic
2024,954,6470,1090,6.8,1142,168,Madinah,Domestic
2024,210,2073,374,9.9,1783,181,Madinah,Domestic
2024,439,7860,1842,17.9,4199,234,Madinah,Inbound
2024,207,2224,1033,10.7,4988,465,Madinah,Inbound
2024,175,3377,589,19.3,3358,174,Madinah,Inbound
2024,56,2259,220,40.3,3928,97,Madinah,Inbound
2024,439,1,1842,4.3,733,173,Madinah,Inbound
2015,16565,84924,18848,5.1,1138,222,Makkah,Domestic
2015,6823,41378,9288,6.1,1361,224,Makkah,Domestic
2015,7144.8,29242,6968,4.1,975,238,Makkah,Domestic
2015,174.3,862,135,4.9,776,157,Makkah,Domestic
2015,43.8,157.2,23,3.6,528,147,Makkah,Domestic
2015,2379,13285,2434,5.6,1023,183,Makkah,Domestic
2015,9862,133471,53398,13.5,5414,400,Makkah,Inbound
2015,855,10563,4502,12.4,5268,426,Makkah,Inbound
2015,8954.2,122160.5,48498,13.6,5416,397,Makkah,Inbound
2015,10.4,204.3,92,19.6,8866,453,Makkah,Inbound
2015,1.1,13.9,5,13.2,4839,367,Makkah,Inbound
2015,42,529,300,12.6,7166,568,Makkah,Inbound
2016,16807,79029,21954,4.7,1306,278,Makkah,Domestic
2016,7031,37357,10838,5.3,1541,290,Makkah,Domestic
2016,6780.1,26221,8339,3.9,1230,318,Makkah,Domestic
2016,151.2,975,132,6.5,872,135,Makkah,Domestic
2016,27,92,10,3.4,387,114,Makkah,Domestic
2016,2817,14384,2635,5.1,935,183,Makkah,Domestic
2016,9950,148157,61175,14.9,6148,413,Makkah,Inbound
2016,1324,26694,4663,20.2,3523,175,Makkah,Inbound
2016,8617.7,121362,56472,14.1,6553,465,Makkah,Inbound
2016,5.1,74,26,14.4,5121,355,Makkah,Inbound
2016,3,27,14,8.6,4432,514,Makkah,Inbound
2017,16911,73599,19624,4.4,1160,267,Makkah,Domestic
2017,7218,35076,9697,4.9,1344,276,Makkah,Domestic
2017,6920,25963,7719,3.8,1116,297,Makkah,Domestic
2017,220,1099,184,5,837,168,Makkah,Domestic
2017,77,166,27,2.2,351,162,Makkah,Domestic
2017,2477,11296,1996,4.6,806,177,Makkah,Domestic
2017,10533,151280,75812,14.4,7198,501,Makkah,Inbound
2017,993,19714,3431,19.9,3456,174,Makkah,Inbound
2017,9532,131463,72343,13.8,7589,550,Makkah,Inbound
2017,2,16,3,10.5,2272,215,Makkah,Inbound
2017,0.8,9,5,12,6800,567,Makkah,Inbound
2017,6,77,30,13.7,5340,390,Makkah,Inbound
2018,15522,67817,16741,4.4,1079,247,Makkah,Domestic
2018,6256,30622,7804,4.9,1247,255,Makkah,Domestic
2018,6611,25753,6962,3.9,1053,270,Makkah,Domestic
2018,260,1266,261,4.9,1002,206,Makkah,Domestic
2018,77,201,27,2.6,359,137,Makkah,Domestic
2018,2318,9975,1687,4.3,728,169,Makkah,Domestic
2018,10036,149734,72042,14.9,7178,481,Makkah,Inbound
2018,705,10661,3079,15.1,4365,289,Makkah,Inbound
2018,9323,138973,68949,14.9,7395,496,Makkah,Inbound
2018,1,14,2,10.2,1528,150,Makkah,Inbound
2018,1,9,1,12,1792,149,Makkah,Inbound
2018,6,77,11,13.4,1895,141,Makkah,Inbound
2019,16017,77267,19954,4.8,1246,258,Makkah,Domestic
2019,6006,33222,8472,5.5,1411,255,Makkah,Domestic
2019,7058,28733,9082,4.1,1287,316,Makkah,Domestic
2019,450,2274,332,5.1,738,146,Makkah,Domestic
2019,109,469,60,4.3,550,127,Makkah,Domestic
2019,2395,12569,2009,5.3,839,160,Makkah,Domestic
2019,10989,154829,74948,14.1,6820,484,Makkah,Inbound
2019,768,9660,4878,12.6,6349,505,Makkah,Inbound
2019,10209,145051,70011,14.2,6858,483,Makkah,Inbound
2019,8,57,42,7.4,5434,735,Makkah,Inbound
2019,1,12,6,15.5,7348,473,Makkah,Inbound
2019,3,49,11,18.2,3968,218,Makkah,Inbound
2020,9878,50333,10433,5.1,1056,207,Makkah,Domestic
2020,3951,22596,5145,5.7,1302,228,Makkah,Domestic
2020,3575,13362,3329,3.7,931,249,Makkah,Domestic
2020,651.5,3428,347,5.3,532,101,Makkah,Domestic
2020,129.7,559,55,4.3,423,98,Makkah,Domestic
2020,1571,10387,1556,6.6,991,150,Makkah,Domestic
2020,1942,22785,11694,11.7,6023,513,Makkah,Inbound
2020,78,663,238,8.5,3043,360,Makkah,Inbound
2020,1858.4,22097,11444,11.9,6158,518,Makkah,Inbound
2020,0.4,5,2,11.3,5558,491,Makkah,Inbound
2020,1,5,2,8,2998,374,Makkah,Inbound
2020,4,16,7,4.1,1886,456,Makkah,Inbound
2021,18476,85256,31003,4.6,1678,364,Makkah,Domestic
2021,7418,37401,16292,5,2196,436,Makkah,Domestic
2021,5612,21092,9103,3.8,1622,432,Makkah,Domestic
2021,2438,14089,2408,5.8,988,171,Makkah,Domestic
2021,319,1001,193,3.1,607,193,Makkah,Domestic
2021,2688,11672,3006,4.3,1118,258,Makkah,Domestic
2021,689,5892,2964,8.6,4303,503,Makkah,Inbound
2021,366,2387,1077,6.5,2941,451,Makkah,Inbound
2021,318,3453,1872,10.8,5879,542,Makkah,Inbound
2021,1,14,5,13.4,4530,338,Makkah,Inbound
2021,0.4,5,2,12.6,4144,329,Makkah,Inbound
2021,3,32,8,12.4,3205,258,Makkah,Inbound
2022,22663,99556,30647,4.4,1352,308,Makkah,Domestic
2022,8263,42353,15606,5.1,1889,368,Makkah,Domestic
2022,8177,27859,9642,3.4,1179,346,Makkah,Domestic
2022,3136,15334,2384,4.9,760,156,Makkah,Domestic
2022,341,1088,209,3.2,613,192,Makkah,Domestic
2022,2747,12923,2807,4.7,1022,217,Makkah,Domestic
2022,9412,188811,74445,20.1,7909,394,Makkah,Inbound
2022,1194,43452,10356,36.4,8670,238,Makkah,Inbound
2022,8193,145139,64013,17.7,7813,441,Makkah,Inbound
2022,19570,6,1,33.8,5057,150,Makkah,Inbound
2022,25,214,76,8.7,3096,357,Makkah,Inbound
2023,22625,113134,29941,5,1323,265,Makkah,Domestic
2023,9532,47782,13982,5,1467,293,Makkah,Domestic
2023,7390,31254,10500,4.2,1421,336,Makkah,Domestic
2023,1971,16147,1948,8.2,988,121,Makkah,Domestic
2023,398,1211,257,3,644,212,Makkah,Domestic
2023,3333,16738,3254,5,976,194,Makkah,Domestic
2023,17015,316400,111487,18.6,6552,352,Makkah,Inbound
2023,1555,41548,9284,26.7,5969,223,Makkah,Inbound
2023,15378,274219,101977,17.8,6631,372,Makkah,Inbound
2023,6,57,21,10,3731,375,Makkah,Inbound
2023,19570,3,140770,41.3,4921,119,Makkah,Inbound
2023,75,573,205,7.6,2722,358,Makkah,Inbound
2024,23487,130615,30657,5.6,1305,235,Makkah,Domestic
2024,9243,56910,14304,6.2,1548,251,Makkah,Domestic
2024,8349,35442,11107,4.2,1330,313,Makkah,Domestic
2024,1785,17735,1642,9.9,920,93,Makkah,Domestic
2024,459,2041,314,4.5,685,154,Makkah,Domestic
2024,3651,18487,3290,5.1,901,178,Makkah,Domestic
2024,19570,430796,140770,22,7193,327,Makkah,Inbound
2024,2073,61594,11810,29.7,5697,192,Makkah,Inbound
2024,17448,368244,128810,21.1,7383,350,Makkah,Inbound
2024,1,69,11,57.2,9288,162,Makkah,Inbound
2024,19570,430796,140770,18.9,3616,191,Makkah,Inbound
2024,49,889,139,18.3,2859,157,Makkah,Inbound
2015,432,2749,482,6.4,1116,175,Najran,Domestic
2015,348,2285,362,6.6,1040,158,Najran,Domestic
2015,84.2,464,120,5.5,1428,259,Najran,Domestic
2015,14,76,62,5.3,4312,817,Najran,Inbound
2015,7,59,37,7.9,5005,634,Najran,Inbound
2015,7,17,25,2.5,3573,1438,Najran,Inbound
2016,527,3335,683,6.3,1295,205,Najran,Domestic
2016,401,2727,575,6.8,1432,211,Najran,Domestic
2016,126,608,108,4.8,858,178,Najran,Domestic
2016,1,17,4,11.4,3045,267,Najran,Inbound
2016,1,13,3,17,3711,218,Najran,Inbound
2016,0.7,3.4,2,5,2281,456,Najran,Inbound
2017,600,4554,681,7.6,1135,150,Najran,Domestic
2017,395,2797,413,7.1,1046,148,Najran,Domestic
2017,205,1757,268,8.6,1307,153,Najran,Domestic
2018,622,5502,870,8.9,1399,158,Najran,Domestic
2018,462,3901,571,8.4,1235,146,Najran,Domestic
2018,159,1601,299,10.1,1874,187,Najran,Domestic
2018,15,202,48,13.2,3155,240,Najran,Inbound
2018,13,195,45,15.5,3552,229,Najran,Inbound
2018,2.8,7,4,2.6,1377,537,Najran,Inbound
2019,564,6220,884,11,1567,142,Najran,Domestic
2019,395,4368,592,11.1,1500,136,Najran,Domestic
2019,170,1852,292,10.9,1724,158,Najran,Domestic
2019,7,59,10,9.1,1576,172,Najran,Inbound
2019,4,50,7,11.2,1672,149,Najran,Inbound
2019,2,10,3,4.7,1371,291,Najran,Inbound
2020,612,6145,753,10.1,1231,123,Najran,Domestic
2020,390,4278,493,11,1264,115,Najran,Domestic
2020,222.1,1867,261,8.4,1173,140,Najran,Domestic
2020,9,165,69,18.9,7951,420,Najran,Inbound
2020,7,156,67,22.7,9717,428,Najran,Inbound
2020,2,9,3,5,1415,285,Najran,Inbound
2021,864,8770,2098,10.2,2430,239,Najran,Domestic
2021,674,7126,1817,10.6,2695,255,Najran,Domestic
2021,190,1644,281,8.7,1485,171,Najran,Domestic
2021,4,78,19,19.2,4743,248,Najran,Inbound
2021,4,77,19,20.8,5041,243,Najran,Inbound
2021,1259,1,1,2.9,1738,603,Najran,Inbound
2022,1110,8810,1943,7.9,1751,221,Najran,Domestic
2022,947,7700,1744,8.1,1840,226,Najran,Domestic
2022,162,1110,200,6.9,1232,180,Najran,Domestic
2022,7,100,21,14,2972,212,Najran,Inbound
2022,7,99,21,14.2,2969,209,Najran,Inbound
2022,0.1,11352,2115,3,3110,1037,Najran,Inbound
2023,1160,10033,2041,8.7,1759,203,Najran,Domestic
2023,992,8735,1826,8.8,1841,209,Najran,Domestic
2023,169,1298,215,7.7,1276,166,Najran,Domestic
2023,17,164,42,9.4,2427,258,Najran,Inbound
2023,14,148,37,10.8,2694,249,Najran,Inbound
2023,4,15,5,4.1,1434,347,Najran,Inbound
2024,1259,11352,2115,9,1680,186,Najran,Domestic
2024,1026,8907,1862,8.7,1815,209,Najran,Domestic
2024,233,2445,254,10.5,1088,104,Najran,Domestic
2024,24,1051,56,43.2,2309,53,Najran,Inbound
2024,1259,11352,2115,9,1680,186,Najran,Inbound
2024,9,239,18,25.4,1925,76,Najran,Inbound
2024,15,812,38,54.4,2551,47,Najran,Inbound
2015,399,1464,272,3.7,682,186,Northern_borders,Domestic
2015,195,825,175,4.2,896,212,Northern_borders,Domestic
2015,204,639.1,97,3.1,476,152,Northern_borders,Domestic
2015,890,1123,867,1.3,974,772,Northern_borders,Inbound
2015,830,971,759,1.2,915,782,Northern_borders,Inbound
2015,60.7,152.6,108,2.5,1787,710,Northern_borders,Inbound
2016,276,1618,333,5.9,1204,206,Northern_borders,Domestic
2016,154,858,180,5.6,1171,210,Northern_borders,Domestic
2016,122.2,760,152,6.2,1246,200,Northern_borders,Domestic
2016,361,705,583,2,1616,826,Northern_borders,Inbound
2016,274,576,447,2.1,1629,776,Northern_borders,Inbound
2016,86.4,130,136,1.5,1576,1051,Northern_borders,Inbound
2017,202,1260,183,6.2,903,145,Northern_borders,Domestic
2017,148,1012,142,6.8,960,141,Northern_borders,Domestic
2017,54,248,40,4.6,745,162,Northern_borders,Domestic
2017,268,333,457,1.2,1707,1372,Northern_borders,Inbound
2017,170,211,281,1.2,1652,1332,Northern_borders,Inbound
2017,98,122,176,1.3,1804,1442,Northern_borders,Inbound
2018,263,1953,329,7.4,1252,169,Northern_borders,Domestic
2018,177,1431,222,8.1,1254,155,Northern_borders,Domestic
2018,86,522,107,6.1,1249,206,Northern_borders,Domestic
2018,253,328,397,1.3,1569,1208,Northern_borders,Inbound
2018,164,210,249,1.3,1522,1186,Northern_borders,Inbound
2018,89,118,148,1.3,1656,1247,Northern_borders,Inbound
2019,387,2560,629,6.6,1624,246,Northern_borders,Domestic
2019,215,1469,338,6.9,1576,230,Northern_borders,Domestic
2019,173,1091,291,6.3,1684,266,Northern_borders,Domestic
2019,320,430,560,1.3,1749,1303,Northern_borders,Inbound
2019,211,283,358,1.3,1695,1265,Northern_borders,Inbound
2019,109,147,202,1.4,1854,1376,Northern_borders,Inbound
2020,707,4626,870,6.6,1231,188,Northern_borders,Domestic
2020,404,2649,478,6.6,1183,181,Northern_borders,Domestic
2020,302.3,1977,392,6.5,1296,198,Northern_borders,Domestic
2020,78,97,144,1.3,1846,1481,Northern_borders,Inbound
2020,55,69,100,1.3,1818,1446,Northern_borders,Inbound
2020,23.1,28,44,1.2,1912,1567,Northern_borders,Inbound
2021,850,5610,1802,6.6,2121,321,Northern_borders,Domestic
2021,463,2991,897,6.5,1937,300,Northern_borders,Domestic
2021,386,2619,904,6.8,2341,345,Northern_borders,Domestic
2021,126,151,255,1.2,2016,1685,Northern_borders,Inbound
2021,92,111,188,1.2,2043,1695,Northern_borders,Inbound
2021,35,41,67,1.2,1944,1656,Northern_borders,Inbound
2022,1015,5276,2574,5.2,2537,488,Northern_borders,Domestic
2022,582,2866,1288,4.9,2213,449,Northern_borders,Domestic
2022,433,2411,1286,5.6,2972,533,Northern_borders,Domestic
2022,598,1116,435,1.9,727,390,Northern_borders,Inbound
2022,384,722,308,1.9,801,427,Northern_borders,Inbound
2022,214,395,127,1.8,593,322,Northern_borders,Inbound
2023,1070,7540,1984,7,1853,263,Northern_borders,Domestic
2023,563,3977,1258,7.1,2236,316,Northern_borders,Domestic
2023,508,3563,726,7,1430,204,Northern_borders,Domestic
2023,356,2084,536,5.9,1503,257,Northern_borders,Inbound
2023,173,912,214,5.3,1237,234,Northern_borders,Inbound
2023,183,1172,322,6.4,1755,274,Northern_borders,Inbound
2024,1090,8262,1843,7.6,1692,223,Northern_borders,Domestic
2024,626,4205,1232,6.7,1968,293,Northern_borders,Domestic
2024,463,4057,611,8.8,1318,151,Northern_borders,Domestic
2024,528,2860,1200,5.4,2273,420,Northern_borders,Inbound
2024,284,1332,484,4.7,1706,363,Northern_borders,Inbound
2024,244,1528,716,6.3,2933,469,Northern_borders,Inbound
2015,2021,8639,9897,4.3,4897,1146,Riyadh,Inbound
2015,1917,8327.1,9731,4.3,5076,1169,Riyadh,Inbound
2015,104,312,166,3,1596,531,Riyadh,Inbound
2015,4953,24617,6158,5,1243,250,Riyadh,Domestic
2015,4292.4,21961.3,5822,5.1,1356,265,Riyadh,Domestic
2015,661,2656,336,4,509,127,Riyadh,Domestic
2016,3242,14918,20739,4.6,6396,1390,Riyadh,Inbound
2016,3203.3,14778,20671,4.6,6453,1399,Riyadh,Inbound
2016,39,140,67,3.6,1724,483,Riyadh,Inbound
2016,4468,26196,7518,5.9,1683,287,Riyadh,Domestic
2016,4157.9,24590,7263,5.9,1747,295,Riyadh,Domestic
2016,310,1606,255,5.2,824,159,Riyadh,Domestic
2017,1998,8922,12849,4.5,6430,1440,Riyadh,Inbound
2017,1943,8716,12724,4.5,6548,1460,Riyadh,Inbound
2017,55,206,124,3.8,2269,605,Riyadh,Inbound
2017,4105,22132,4916,5.4,1198,222,Riyadh,Domestic
2017,3680,18827,4513,5.1,1226,240,Riyadh,Domestic
2017,424,3305,403,7.8,950,122,Riyadh,Domestic
2018,2010,10147,12021,5.1,5980,1185,Riyadh,Inbound
2018,1958,9950,11923,5.1,6090,1198,Riyadh,Inbound
2018,53,198,99,3.8,1870,498,Riyadh,Inbound
2018,4306,24493,6028,5.7,1400,246,Riyadh,Domestic
2018,3788,21041,5255,5.6,1387,250,Riyadh,Domestic
2018,518,3452,772,6.7,1490,224,Riyadh,Domestic
2019,2933,19719,16943,6.7,5777,859,Riyadh,Inbound
2019,2862,19485,16788,6.8,5865,862,Riyadh,Inbound
2019,70,234,155,3.3,2204,662,Riyadh,Inbound
2019,5940,35526,10774,6,1814,303,Riyadh,Domestic
2019,5049,29725,9805,5.9,1942,330,Riyadh,Domestic
2019,891,5801,969,6.5,1087,167,Riyadh,Domestic
2020,1065,9437,4967,8.9,4666,526,Riyadh,Inbound
2020,1038,9319,4899,9,4719,526,Riyadh,Inbound
2020,27,118,68,4.4,2570,579,Riyadh,Inbound
2020,6825,31954,7493,4.7,1098,234,Riyadh,Domestic
2020,5085.9,22345,6520,4.4,1282,292,Riyadh,Domestic
2020,1740,9609,973,5.5,559,101,Riyadh,Domestic
2021,1223,14859,7472,12.2,6107,503,Riyadh,Inbound
2021,1185,14557,7352,12.3,6203,505,Riyadh,Inbound
2021,38,302,120,7.9,3140,397,Riyadh,Inbound
2021,11606,55439,21108,4.8,1819,381,Riyadh,Domestic
2021,8361,37599,17816,4.5,2131,474,Riyadh,Domestic
2021,3245,17840,3292,5.5,1014,185,Riyadh,Domestic
2022,1911,41957,11535,22,6037,275,Riyadh,Inbound
2022,1810,41553,11303,23,6245,272,Riyadh,Inbound
2022,101,403,232,4,2308,575,Riyadh,Inbound
2022,16144,72030,24947,4.5,1545,346,Riyadh,Domestic
2022,10426,46438,20320,4.5,1949,438,Riyadh,Domestic
2022,5718,25592,4627,4.5,809,181,Riyadh,Domestic
2023,3010,56979,12542,18.9,4167,220,Riyadh,Inbound
2023,2774,52163,11759,18.8,4240,225,Riyadh,Inbound
2023,236,4816,783,20.4,3311,163,Riyadh,Inbound
2023,16348,98364,28576,6,1748,291,Riyadh,Domestic
2023,12343,68917,23661,5.6,1917,343,Riyadh,Domestic
2023,4005,29447,4915,7.4,1227,167,Riyadh,Domestic
2024,2861,40617,10574,14.2,3696,260,Riyadh,Inbound
2024,2699,37845,10269,14,3805,271,Riyadh,Inbound
2024,162,2772,304,17.1,1881,110,Riyadh,Inbound
2024,17597,107571,29493,6.1,1676,274,Riyadh,Domestic
2024,12716,76116,25154,6,1978,330,Riyadh,Domestic
2024,4881,31455,4339,6.4,889,138,Riyadh,Domestic
2015,1164,4769,980,4.1,842,206,Tabuk,Domestic
2015,30.3,102.5,38,3.4,1262,373,Tabuk,Domestic
2015,43,190,42,4.4,975,220,Tabuk,Domestic
2015,334,1162,203,3.5,606,174,Tabuk,Domestic
2015,648,2957.5,610,4.6,941,206,Tabuk,Domestic
2015,109,357,87,3.3,804,245,Tabuk,Domestic
2015,298,1477,754,5,2529,511,Tabuk,Inbound
2015,10.4,55,37,5.3,3551,675,Tabuk,Inbound
2015,48,100,64,2.1,1331,640,Tabuk,Inbound
2015,240,1322,653,5.5,2725,494,Tabuk,Inbound
2016,1150,4936,1000,4.3,869,203,Tabuk,Domestic
2016,56.8,227,53,4,941,236,Tabuk,Domestic
2016,99,265,55,2.7,555,207,Tabuk,Domestic
2016,178,818,169,4.6,949,206,Tabuk,Domestic
2016,725.2,3362,653,4.6,900,194,Tabuk,Domestic
2016,91,264,70,2.9,766,265,Tabuk,Domestic
2016,134,914,379,6.8,2826,415,Tabuk,Inbound
2016,1.2,3.4,3,2.7,2273,831,Tabuk,Inbound
2016,14,60,34,4.1,2319,562,Tabuk,Inbound
2016,13,90,31,7.1,2433,343,Tabuk,Inbound
2016,106,760,312,7.2,2949,410,Tabuk,Inbound
2017,1228,5965,1008,4.9,821,169,Tabuk,Domestic
2017,54,453,49,8.4,917,109,Tabuk,Domestic
2017,69,233,61,3.4,892,263,Tabuk,Domestic
2017,173,662,142,3.8,816,214,Tabuk,Domestic
2017,861,4394,709,5.1,823,161,Tabuk,Domestic
2017,72,223,47,3.1,658,212,Tabuk,Domestic
2017,105,403,255,3.8,2437,635,Tabuk,Inbound
2017,9,27,24,3.1,2773,887,Tabuk,Inbound
2017,7,24,17,3.5,2436,696,Tabuk,Inbound
2017,89,351,214,3.9,2404,611,Tabuk,Inbound
2018,1246,6807,1218,5.5,977,179,Tabuk,Domestic
2018,60,453,57,7.5,951,126,Tabuk,Domestic
2018,108,446,114,4.1,1052,255,Tabuk,Domestic
2018,200,708,149,3.5,742,210,Tabuk,Domestic
2018,793,4706,811,5.9,1023,172,Tabuk,Domestic
2018,85,495,87,5.8,1032,177,Tabuk,Domestic
2018,110,542,239,4.9,2163,441,Tabuk,Inbound
2018,11,63,18,5.5,1587,287,Tabuk,Inbound
2018,6,21,10,3.6,1841,507,Tabuk,Inbound
2018,93,456,209,4.9,2252,459,Tabuk,Inbound
2018,0.3,2,1,5.3,2744,516,Tabuk,Inbound
2019,1441,8605,2050,6,1423,238,Tabuk,Domestic
2019,78,579,99,7.5,1277,171,Tabuk,Domestic
2019,148,832,266,5.6,1790,320,Tabuk,Domestic
2019,355,1558,533,4.4,1503,342,Tabuk,Domestic
2019,773,5166,1045,6.7,1352,202,Tabuk,Domestic
2019,87,470,107,5.4,1229,228,Tabuk,Domestic
2019,112,494,301,4.4,2688,609,Tabuk,Inbound
2019,0.4,2,2,5,5050,1010,Tabuk,Inbound
2019,9,60,20,6.4,2186,342,Tabuk,Inbound
2019,3,11,6,3.5,1902,551,Tabuk,Inbound
2019,99,420,272,4.3,2752,646,Tabuk,Inbound
2019,298,1,932,4.3,1838,430,Tabuk,Inbound
2020,2043,11677,2765,5.7,1354,237,Tabuk,Domestic
2020,99.2,649,97,6.6,982,150,Tabuk,Domestic
2020,230,1149,344,5,1498,299,Tabuk,Domestic
2020,686,3521,1046,5.1,1525,297,Tabuk,Domestic
2020,927.9,5636,1169,6.1,1260,207,Tabuk,Domestic
2020,100,721,108,7.2,1084,150,Tabuk,Domestic
2020,21,186,110,8.7,5138,594,Tabuk,Inbound
2020,3,46,21,14.8,6830,463,Tabuk,Inbound
2020,1,6,3,8.3,4153,501,Tabuk,Inbound
2020,17.7,134.1,86,7.6,4882,643,Tabuk,Inbound
2021,2288,12673,4286,5.5,1873,338,Tabuk,Domestic
2021,130,690,219,5.3,1680,317,Tabuk,Domestic
2021,181,799,427,4.4,2359,534,Tabuk,Domestic
2021,392,1843,935,4.7,2383,507,Tabuk,Domestic
2021,1407,8265,2460,5.9,1749,298,Tabuk,Domestic
2021,178,1076,246,6,1379,229,Tabuk,Domestic
2021,38,421,222,11.2,5907,526,Tabuk,Inbound
2021,2,7,9,3.2,3768,1181,Tabuk,Inbound
2021,298,1,1,7.8,4745,611,Tabuk,Inbound
2021,12.8,78,77,6.1,6061,988,Tabuk,Inbound
2021,22,334,135,15,6050,403,Tabuk,Inbound
2022,2610,14063,5378,5.4,2061,382,Tabuk,Domestic
2022,146,764,265,5.2,1822,348,Tabuk,Domestic
2022,220,916,516,4.2,2350,563,Tabuk,Domestic
2022,397,1762,1186,4.4,2983,673,Tabuk,Domestic
2022,1675,9761,3097,5.8,1849,317,Tabuk,Domestic
2022,172,861,314,5,1825,365,Tabuk,Domestic
2022,86,1259,306,14.6,3545,243,Tabuk,Inbound
2022,298,4,2,9,3350,372,Tabuk,Inbound
2022,2,20,6,8.9,2843,320,Tabuk,Inbound
2022,298,1,932,9,5255,584,Tabuk,Inbound
2022,83,1229,296,14.9,3578,241,Tabuk,Inbound
2022,1,5,2,6.4,2025,319,Tabuk,Inbound
2023,2817,18465,4202,6.6,1491,228,Tabuk,Domestic
2023,189,1798,182,9.5,959,101,Tabuk,Domestic
2023,294,953,196,3.2,667,206,Tabuk,Domestic
2023,462,3448,282,7.5,609,82,Tabuk,Domestic
2023,1654,10881,3330,6.6,2013,306,Tabuk,Domestic
2023,217,1385,212,6.4,980,153,Tabuk,Domestic
2023,138,1177,341,8.5,2472,290,Tabuk,Inbound
2023,3,24,10,8.4,3535,423,Tabuk,Inbound
2023,12,110,32,9.5,2775,293,Tabuk,Inbound
2023,11,82,23,7.8,2145,277,Tabuk,Inbound
2023,106,910,259,8.6,2446,284,Tabuk,Inbound
2023,7,51,17,7.2,2438,340,Tabuk,Inbound
2024,3090,21462,4880,6.9,1579,227,Tabuk,Domestic
2024,207,1926,216,9.3,1039,112,Tabuk,Domestic
2024,311,1188,181,3.8,582,152,Tabuk,Domestic
2024,477,2854,308,6,644,108,Tabuk,Domestic
2024,1843,13440,3795,7.3,2059,282,Tabuk,Domestic
2024,252,2054,381,8.2,1511,185,Tabuk,Domestic
2024,154,4581,932,29.7,6050,203,Tabuk,Inbound
2024,2,104,16,42.2,6607,157,Tabuk,Inbound
2024,11,293,85,26.3,7659,291,Tabuk,Inbound
2024,9,131,20,14.1,2194,155,Tabuk,Inbound
2024,126,3866,753,30.7,5978,195,Tabuk,Inbound
2024,5,186,58,35.2,10882,309,Tabuk,Inbound
